{
  "__type__": "cc.SpriteFrame",
  "content": {
    "name": "replay_button",
    "atlas": "",
    "rect": {
      "x": 0,
      "y": 8,
      "width": 102,
      "height": 86
    },
    "offset": {
      "x": 0,
      "y": 0
    },
    "originalSize": {
      "width": 102,
      "height": 102
    },
    "rotated": false,
    "capInsets": [
      0,
      0,
      0,
      0
    ],
    "vertices": {
      "rawPosition": [
        -51,
        -43,
        0,
        51,
        -43,
        0,
        -51,
        43,
        0,
        51,
        43,
        0
      ],
      "indexes": [
        0,
        1,
        2,
        2,
        1,
        3
      ],
      "uv": [
        0,
        94,
        102,
        94,
        0,
        8,
        102,
        8
      ],
      "nuv": [
        0,
        0.0784313725490196,
        1,
        0.0784313725490196,
        0,
        0.9215686274509803,
        1,
        0.9215686274509803
      ],
      "minPos": {
        "x": -51,
        "y": -43,
        "z": 0
      },
      "maxPos": {
        "x": 51,
        "y": 43,
        "z": 0
      }
    },
    "texture": "60302bd1-369f-4f0e-8b95-05a84564ec54@6c48a",
    "packable": true,
    "pixelsToUnit": 100,
    "pivot": {
      "x": 0.5,
      "y": 0.5
    },
    "meshType": 0
  }
}